scheme_id,site,scheme_name,description,scheme_link
1,https://mahafood.gov.in/provider/%E0%A4%B0%E0%A4%BE%E0%A4%9C%E0%A5%8D%E0%A4%AF-%E0%A4%B8%E0%A4%B0%E0%A4%95%E0%A4%BE%E0%A4%B0-mr/,आनंदाचा शिधा,"दि. 04.10.2022 च्या शासन निर्णयानुसार राष्ट्रीय अन्नसुरक्षा अधिनियम, 2013 अंतर्गत अंत्योदय अन्न योजना, प्राधान्य कुटुंब तसेच औरंगाबाद व अमरावती विभागातील सर्व जिल्हे व नागपूर विभागातील वर्धा अशा 14 शेतकरी आत्महत्याग्रस्त जिल्ह्यांतील एपीएल केशरी शेतकरी शिधापत्रिकाधारकांना ई-पॅास प्रणालीद्वारे 1 किलो रवा, 1 किलो चणाडाळ, 1 किलो साखर व 1 लिटर पामतेल या 4 शिधाजिन्नसांचा समावेश असलेल्या विशेष शिधाजिन्नस संचांचे वितरण  100-प्रति संच या दराने करण्यात आले आहे. त्यानुसार मंजूर करण्यात आलेल्या 1.61 कोटी शिधाजिन्नस संचांपैकी 1.61 कोटी शिधाजिन्नस संचांचे सुमारे 100 पात्र शिधापत्रिकाधारकांना वितरण करण्यात आले आहे.",https://mahafood.gov.in/scheme/%e0%a4%86%e0%a4%a8%e0%a4%82%e0%a4%a6%e0%a4%be%e0%a4%9a%e0%a4%be-%e0%a4%b6%e0%a4%bf%e0%a4%a7%e0%a4%be/
2,https://mahafood.gov.in/provider/%E0%A4%B0%E0%A4%BE%E0%A4%9C%E0%A5%8D%E0%A4%AF-%E0%A4%B8%E0%A4%B0%E0%A4%95%E0%A4%BE%E0%A4%B0-mr/,एपीएल शेतकरी,"राज्यातील छत्रपती संभाजीनगर, जालना, नांदेड, बीड, उस्मानाबाद, परभणी, लातूर, हिंगोली, अमरावती, वाशिम, अकोला, बुलढाणा, यवतमाळ व वर्धा अशा 14 शेतकरी आत्महत्याग्रस्त जिल्ह्यांतील राष्ट्रीय अन्नसुरक्षा अधिनियम, 2013 अंतर्गत समाविष्ट न झालेल्या एपिएल केशरी शिधापत्रिकाधारक शेतकरी लाभार्थ्यांना माहे जानेवारी, 2023 पासून अन्नधान्याऐवजी प्रतिमाह प्रति लाभार्थी 150- इतक्या रोख रकमेच्या थेट हस्तांतरणाची योजना कार्यान्वित करण्याबाबतचा निर्णय दि.28.02.2023 च्या शासन निर्णयान्वये घेण्यात आलेला आहे. सदर शासन निर्णयातील तरतूदीनुसार 14 जिल्ह्यांतील एपीएल केशरी शिधापत्रिकाधारक शेतकरी लाभार्थ्यांना प्रति लाभार्थी  150- प्रमाणे माहे जानेवारी 2023 ते मार्च,2023 या कालावधीकरीता एकूण 179.87 कोटी आणि माहे एप्रिल, 2023 ते जून,2023 या कालावधीकरीता एकूण 168.75 कोटी एवढा निधी संबंधित सर्व जिल्ह्यांना उपलब्ध करून देण्यात आला आहे. त्यानुसार लाभार्थ्यांच्या बॅंक खात्यात रोख रकमा जमा करण्याची कार्यवाही सुरू आहे.",https://mahafood.gov.in/scheme/%e0%a4%8f%e0%a4%aa%e0%a5%80%e0%a4%8f%e0%a4%b2-%e0%a4%b6%e0%a5%87%e0%a4%a4%e0%a4%95%e0%a4%b0%e0%a5%80/
3,https://mahafood.gov.in/provider/%E0%A4%B0%E0%A4%BE%E0%A4%9C%E0%A5%8D%E0%A4%AF-%E0%A4%B8%E0%A4%B0%E0%A4%95%E0%A4%BE%E0%A4%B0-mr/,शिवभोजन,"राज्यातील गरीब व गरजू जनतेला सवलतीच्या दरात भोजन उपलब्ध करून देण्यासाठी राज्य शासनाने दि. 01 जानेवारी, 2020 रोजीच्या शासन निर्णयान्वये शिवभोजन योजना दि. 26.01.2020 पासून सुरु केली आहे. शिवभोजन थाळीमध्ये 2 चपात्या, 1 वाटी भाजी, 1 वाटी वरण व 1 मूद भाताचा समावेश आहे. शिवभोजन योजना कार्यान्वित करण्यासाठी शिवभोजन ॲप्लिकेशन विकसित करण्यात आले आहे. त्याचा वापर करुनच शिवभोजन थाळी वितरीत करण्यात येते. शिवभोजन थाळ्या वितरीत करण्यापूर्वी लाभार्थ्याचे नाव व फोटो घेणे बंधनकारक आहे तर फोन नंबर वैकल्पिक आहे. या ॲपवर शिवभोजन केंद्र चालकास रोजचा मेन्यू प्रसिद्ध करता येतो.",https://mahafood.gov.in/scheme/%e0%a4%b6%e0%a4%bf%e0%a4%b5%e0%a4%ad%e0%a5%8b%e0%a4%9c%e0%a4%a8/
4,https://maharashtra.gov.in/Site/1604/scheme,कृषी योजना,"शेतकरी वर्गासाठी राज्य शासनातर्फे अनेक योजना उपलब्ध आहेत. माती, बियाणे, सिंचन, यंत्रे, तंत्रज्ञान, पत, विमा, पिकाला संरक्षण आणि विपणन हे शेतीशी संबंधित महत्वपूर्ण घटक आहेत. तुम्हाला याबाबत सहाय्य हवे असल्यास राज्य सरकारने देऊ केलेल्या विविध योजनांबाबत जाणून घ्या.",https://www.manage.gov.in/fpoacademy/SGSchemes/maharashtra.pdf
5,https://maharashtra.gov.in/Site/1604/scheme,कृषी तारण कर्ज योजना,"शेतकऱ्याला असलेल्या आर्थिक गरजेपोटी तसेच स्थानिकपातळीवर शेतमाल साठवणुकीच्या पुरेशा सुविधा नसल्यामुळे शेतीमालाचे काढणी हंगामात मोठ्या प्रमाणात शेतीमाल बाजार पेठेत विक्रीसाठी येतो. साहजीकच शेतमालाचे बाजार भाव खाली येतात. सदर शेतमाल साठवणूक करुन काही कालावधीनंतर बाजारपेठेत विक्रीसाठी आणल्यास त्या शेतमालास जादा बाजार भाव मिळू शकतो. तेव्हा शेतकऱ्यांना त्याच्या शेतमालासाठी योग्य भाव मिळावा या दृष्टीकोनातून कृषि पणन मंडळ सन 1990-91 पासून शेतमाल तारण कर्ज योजना राबवित आहे. या योजनेमध्ये तूर, मूग, उडीद, सोयाबीन, सुर्यफूल, चना, भात धान, करडई, ज्वारी, बाजरी, मका, गहू, वाघ्या घेवडा राजमा, काजू बी, बेदाणा, सुपारी व हळद या शेतमालाचा समावेश करण्यात आलेला असुन या योजने अंतर्गत शेतकऱ्यांना बाजार समितीच्या गोदामात तारणात ठेवलेल्या शेतमालाच्या एकुण किंमतीच्या 75 टक्के पर्यंत रक्कम 6 महिने 180 दिवस कालावधीसाठी 6 टक्के व्याज दराने तारण कर्ज देण्यात येते. या योजनेअंतर्गत राज्य अथवा केंद्रिय वखार महामंडळाच्या गोदाम पावतीवरही शेतकऱ्यांना तारण कर्ज उपलब्ध करून देण्यात येते. सदर योजना बाजार समित्यांमार्फत राबविली जात असुन सहा महिन्यांचे आत तारण कर्जाची परतफेड करणाऱ्या बाजार समित्यांना 3 टक्के व्याज सवलत देण्यात येते.",https://www.msamb.com/Schemes/PledgeFinance
6,https://maharashtra.gov.in/Site/1604/scheme,सागरी मार्गाने कृषी उत्पादनाच्या निर्यातीसाठी अनुदान योजना,काही देशांचे अंतर भारतापासुन जास्त असल्याने फळे व भाजीपाला विमानमार्गे निर्यात होतात. वाहतुकीकरिता विमानाचे भाडे जास्त असते. त्यामुळे परदेशी बाजारपेठेत माल जास्त दराने विकावा लागतो. यावर समुद्रमार्गे निर्यात करणे हा पर्याय उपलब्ध आहे. तथापि सदर माल समुद्रमार्गे निर्यात करावयाचा असल्यास वेळ जास्त लागतो. फळे व भाजीपाला नाशवंत स्वरुपाची असल्याने निर्यातदार समुद्रमार्गे निर्यात करायला तयार होत नाही. यामुळे समुद्रमार्गे काही कृषीमाल समुद्रमार्गे निर्यातीस प्रोत्साहन देणे गरजेचे आहे. महाराष्ट्रातून कृषिमालाच्या निर्यातीस जास्तीत जास्त प्रोत्साहन मिळावे यासाठी महाराष्ट्र राज्य कृषि पणन मंडळामार्फत कृषिमालाच्या निर्यातवृद्धीकरीता समुद्रमार्गे आंतरराष्ट्रीय वाहतुकीसाठी अनुदान देणेबाबतची योजना प्रस्तावित होती.,https://www.msamb.com/Schemes/ExportScheme
7,https://maharashtra.gov.in/Site/1604/scheme,फळे आणि धान्य महोत्सव अनुदान योजना,"आंबा, संत्रा, मोसंबी, द्राक्ष या सारखी हंगामी फळे तसेच धान्य यांचे थेट उत्पादक ते थेट ग्राहक विक्रीसाठी महोत्सवांचे आयोजन करण्याकरिता ही योजना राबविण्यात येते.",https://www.msamb.com/Schemes/Fruitsandgrainfestival
8,https://maharashtra.gov.in/Site/1604/scheme,रस्त्याद्वारे मालवाहतूक अनुदान योजना,"फळे-भाजीपाला उत्पादनामध्ये महाराष्ट्र अग्रेसर आहे.विशेषतकांदा,टोमॅटो,डाळींब,द्राक्षे,केळी, आंबा तसेच भाजीपाल्याचे राज्यात मोठ्या प्रमाणावर उत्पादन घेण्यात येते. फळे-भाजीपाला नाशवंतअसल्याने अनेक वेळा अयोग्य हाताळणीमुळे तसेच वाहतूकीदरम्यान होणा-या विलंबामुळे सुमारे 20ते 30 टक्के शेतमालाचे नुकसान होते.महाराष्ट्रातील फळे व भाजीपाल्याचे उत्पादन पाहता, निर्यातीबरोबरच देशांतर्गत व्यापारही महत्त्वाचा असल्याने राज्यात उत्पादित शेतमालास परराज्यात बाजारपेठ मिळवून थेट व्यापारास चालना देणे आवश्यक आहे. शेतमाल उत्पादक शेतकरी सहकारी संस्था तसेच शेतकरी उत्पादक कंपन्यांना एफ.पी.सी. अनेक वेळा केवळ वाहतूक खर्च परवडत नसल्याने नाशवंत शेतमाल परराज्यात पाठविण्यास मर्यादा येतात.शेतकरी उत्पादक कंपन्या व शेतमाल उत्पादकांच्या सहकारी संस्थांमार्फत राज्यातील शेतमालाच्या आंतरराज्यीय व्यापारास चालना देण्याच्या दृष्टीने वाहतूक खर्चात अनुदान देण्याची बाब पणन मंडळाच्या विचाराधीन होती.",https://www.msamb.com/Schemes/RoadTrasport
9,https://aaplesarkar.mahaonline.gov.in/,महसूल विभाग,मिस्टर.देवेंद्र फडणवीस माननीय मुख्यमंत्री,https://aaplesarkar.mahaonline.gov.in/mr/Login/Certificate_Documents?ServiceId=1253
10,https://aaplesarkar.mahaonline.gov.in/,ग्रामविकास व पंचायत राज विभाग,मिस्टर.देवेंद्र फडणवीस माननीय मुख्यमंत्री,https://aaplesarkar.mahaonline.gov.in/mr/Login/Certificate_Documents?ServiceId=2476
11,https://aaplesarkar.mahaonline.gov.in/,कामगार विभाग,मिस्टर.देवेंद्र फडणवीस माननीय मुख्यमंत्री,https://aaplesarkar.mahaonline.gov.in/mr/Login/Certificate_Documents?ServiceId=3580
12,https://aaplesarkar.mahaonline.gov.in/,जलसंपदा विभाग,मिस्टर.देवेंद्र फडणवीस माननीय मुख्यमंत्री,https://aaplesarkar.mahaonline.gov.in/mr/Login/Certificate_Documents?ServiceId=4001
13,https://aaplesarkar.mahaonline.gov.in/,उद्योग विभाग,मिस्टर.देवेंद्र फडणवीस माननीय मुख्यमंत्री,https://aaplesarkar.mahaonline.gov.in/mr/Login/Certificate_Documents?ServiceId=2239
14,https://aaplesarkar.mahaonline.gov.in/,विद्यार्थी शिष्यवृत्ती योजना,शिक्षक नोंदणी कर्मचारी नोंदणी शिक्षकांच्या प्रशिक्षणार्थी शैक्षणिक कागदपत्रांची तपासणी,https://aaplesarkar.mahaonline.gov.in/
15,https://aaplesarkar.mahaonline.gov.in/,वृद्धापकाळ पेन्शन योजना,तेंदू व्यापारीउत्पादकांची नोंदणी बांबू पुरवठ्यासाठी बुरूड समाजाची नोंदणी वन्यप्राण्यांमुळे मारल्या गेलेल्या गुरांसाठी मंजूर करायची नुकसान भरपाई वन्यप्राण्यांमुळे मारल्या गेलेल्या अथवा अपंगत्व प्राप्त झालेल्या व्यक्तींना मंजूर करावयाचे वित्तीय सहाय्य वन्यप्राण्यांमुळे झालेल्या पीक नुकसानापोटी मंजूर करायची नुकसान भरपाई पर्यटन काळात संरक्षित क्षेत्रात छायाचित्रणास परवानगी मंडल स्तर पर्यटन काळात संरक्षित क्षेत्रात छायाचित्रणास परवानगी एका पेक्षा जास्त मंडल आरा गिरणी अनुज्ञप्तीच्या नूतनीकरणासंदर्भात अनुज्ञप्ती प्राधिकाऱ्यांच्या निर्णय कळविणे सर्व दस्तावेजांसह माहिती अर्ज प्राप्त झाल्यानंतर महाराष्ट्र वृक्षतोड नियमन अधिनियम १९६४ नुसार अनुसूचित जमातीच्या भोगवटादारांना वृक्ष छाटणीसाठी परवानगीसंदर्भात वृक्ष अधिकाऱ्याचा निर्णय कळविणे सर्व दस्तावेजांसह माहिती अर्ज प्राप्त झाल्यानंतर महाराष्ट्र वृक्षतोड नियमन अधिनियम १९६४ नुसार बिगर आदिवासी अर्जदारांना वृक्ष छाटणीसाठी परवानगीसंदर्भात वृक्ष अधिकाऱ्याचा निर्णय कळविणे वनेत्तर जमिनी बाबतचा दाखला मिळविण्याकरिता अर्ज वनहद्दीपासून अंतरचा दाखला मिळविण्याकरिता अर्जं औद्योगिक वाहतुक पासकरीता नोंदणी करणे,https://aaplesarkar.mahaonline.gov.in/
16,https://aaplesarkar.mahaonline.gov.in/,प्रधानमंत्री आवास योजना,"शोध उपलब्ध करणे मुद्रांक शुल्क भरण्याचे प्रयोजनार्थ मुल्यांकन अहवाल देणे दस्त नोंदणी न केलेल्या प्रकरणांमध्ये,ई-पेमेंट पद्धतीने भरलेल्या नोंदणी फीचा परतावा दस्ताच्या सूचीची प्रमाणित नक्कल देणे दस्ताची प्रमाणित नक्कल देणे. नोटीस ऑफ इंटिमेशन फाईल करून देणे. दस्तनोंदणीकरणे विवाह प्रमाणपत्राच्या प्रमाणित नकला देणे. इतर पद्धतीने अगोदरच झालेल्या विवाहाची विशेष कायदा, 1954 अंतर्गत नोदणी करणे. दस्त नोंदणी संदर्भात गृहभेट देणे. विशेष कुलमुखत्यारपत्राचे अधिप्रमाणन करून देणे. सह जिल्हानिबंधक कार्यालयात नोदणी झालेल्या दस्ताची नक्कल देणे मृत्युपत्राचा सीलबंद लखोटा जमा करणे,परत घेणे व उघडणे. विशेष विवाह कायदा,1954 अन्वये विवाह संपन्न करणे. सह जिल्हानिबंधक कार्यालयात नोदणी झालेल्या दस्ताच्या सूचीची प्रमाणित नक्कल देणे.",https://aaplesarkar.mahaonline.gov.in/
17,https://aaplesarkar.mahaonline.gov.in/,एपीएल शेतकरी योजना,सहकारी गृहनिर्माण संस्थांचे मानीव अभिहस्तांतरण सहकारी संस्थांची नोंदणी करणे सहकारी संस्थांची उपविधी दुरूस्ती करणे सावकारी व्यवसायासाठी परवाना देणे सावकारी व्यवसायासाठी परवाना नुतनीकरण देणे शेतकरी लाभार्थी यांना तांत्रिक सेवा उपलब्ध करुन देणे रेशीम शेतकऱ्यांची नोंदणी करणे चॉकी सेटर धारकांची नोंदणी करणे रिलर्सची नोंदणी करणे,https://aaplesarkar.mahaonline.gov.in/
18,https://aaplesarkar.mahaonline.gov.in/,विधी व न्याय विभाग,मिस्टर.देवेंद्र फडणवीस माननीय मुख्यमंत्री,https://aaplesarkar.mahaonline.gov.in/mr/Login/Certificate_Documents?ServiceId=5766
19,https://aaplesarkar.mahaonline.gov.in/,गृह विभाग,मिस्टर.देवेंद्र फडणवीस माननीय मुख्यमंत्री,https://aaplesarkar.mahaonline.gov.in/mr/Login/Certificate_Documents?ServiceId=3225
20,https://aaplesarkar.mahaonline.gov.in/,वाहतूक विभाग,मिस्टर.देवेंद्र फडणवीस माननीय मुख्यमंत्री,https://aaplesarkar.mahaonline.gov.in/mr/Login/Certificate_Documents?ServiceId=4502
21,https://aaplesarkar.mahaonline.gov.in/,उद्योग विभाग,मिस्टर.देवेंद्र फडणवीस माननीय मुख्यमंत्री,https://aaplesarkar.mahaonline.gov.in/mr/Login/Certificate_Documents?ServiceId=3216
22,https://aaplesarkar.mahaonline.gov.in/,गृहनिर्माण विभाग - म्हाडा,मिस्टर.देवेंद्र फडणवीस माननीय मुख्यमंत्री,https://aaplesarkar.mahaonline.gov.in/mr/Login/Certificate_Documents?ServiceId=5019
23,https://aaplesarkar.mahaonline.gov.in/,गृहनिर्माण विभाग - मुंबई इमारत दुरुस्ती व पुनरबांधणी मंडळ,मिस्टर.देवेंद्र फडणवीस माननीय मुख्यमंत्री,https://aaplesarkar.mahaonline.gov.in/mr/Login/Certificate_Documents?ServiceId=5019
24,https://aaplesarkar.mahaonline.gov.in/,झोपडपट्टी पुनर्वसन प्राधिकरण SRA - मुंबई,मिस्टर.देवेंद्र फडणवीस माननीय मुख्यमंत्री,https://aaplesarkar.mahaonline.gov.in/mr/Login/Certificate_Documents?ServiceId=4051
25,https://aaplesarkar.mahaonline.gov.in/,झोपडपट्टी पुनर्वसन प्राधिकरणSRA - पुणे,मिस्टर.देवेंद्र फडणवीस माननीय मुख्यमंत्री,https://aaplesarkar.mahaonline.gov.in/mr/Login/Certificate_Documents?ServiceId=1657
26,https://aaplesarkar.mahaonline.gov.in/,राज्य सरकारची योजना,नविन नळ जोडणी मालकी हक्कात बदल करणे नळ जोडणी आकारामध्ये बदल करणे तात्पुरते कायमस्वरूपी नळजोडणी खंडीत करणे पुनजोडणी करणे वापरामध्ये बदल करणे पाणी देयक तयार करणे प्लंबर परवाना प्लंबर परवाना नुतीनीकरण करणे थकबाकी नसल्याचा दाखला नादुरुस्त मिटर तक्रार करणे अनधिकृत नळजोडणी तक पाण्याची दबाव क्षमता तक्रार पाण्याची गुणवत्ता तक्रार पाणी बिलासंबंधी तक्रारीचेनिवारण करणे नळ जोडणी स्थलांतरित करणे,https://aaplesarkar.mahaonline.gov.in/
27,https://aaplesarkar.mahaonline.gov.in/,राज्य सरकारची योजना,रासायनिक आणि जैविक पृथक्करण बोअरवेल साइट सर्व्हे हायड्रोलॉजिकल आणि जिओफिजिकल,https://aaplesarkar.mahaonline.gov.in/
28,https://aaplesarkar.mahaonline.gov.in/,मुख्यमंत्री रोजगार योजना,नवीन नळजोडणी मालकी हक्कात बदल करणे नळजोडणी आकारामध्ये बदल करणे तात्पुरते कायमस्वरुपी नळजोडणी खंडीत करणे पुन जोडणी करणे वापरामध्ये बदल करणे पाणी देयक तयार करणे प्लंबर परवाना प्लंबर परवाना नूतनीकरण करणे थकबाकी नसल्याचा दाखला नादुरुस्त मीटर तक्रार करणे अनाधिकृत नळ जोडणी तक्रार पाण्याची दबाव क्षमता तक्रार पाण्याची गुणवत्ता तक्रार नवीन परवाना मिळणे परवान्याचे नूतनीकरण परवाना हस्तांतरण परवाना दुय्यम प्रत व्यवसायाचे नाव बदलणे व्यवसाय बदलणे परवानाधारक भागीदाराचे नाव बदलणे भागीदारांच्या संख्येत बदल वाढकमी परवाना रद्द करणे कालबाह्य परवाणासाठी नुतनीकरण सुचना,https://aaplesarkar.mahaonline.gov.in/
29,https://aaplesarkar.mahaonline.gov.in/,राज्य सरकारची योजना,"प्रचालनासाठी संमतीचे स्वयं नूतनीकरण जल व हवा अधिनियम अंतर्गत स्थापनेसाठी संमती जल व हवा अधिनियम अंतर्गत प्रचालनासाठी ऑपरेशन संमती जल व हवा अधिनियम अंतर्गत घनकचरा व्यवस्थापन नियम 2016 अंतर्गत प्राधिकारपत्र बांधकाम आणि विनाश व्यवस्थापन नियम 2016 अंतर्गत प्राधिकारपत्र बॅटरी,कचरा व्यवस्थापन आणि हाताळणी नियम 2001 अंतर्गत नोंदणी संमती अर्जात सुधारणा करण्यासाठी अर्ज धोकादायक आणि इतर कचरा व्यवस्थापन सीमापार वाहतूक नियम, २०१६ अंतर्गत धोकादायक कचऱ्याच्या प्रक्रिया, पुनर्वापर आणि पुनर्प्राप्तीसाठी अधिकृतता आणि त्यात सुधारणा. धोकादायक आणि इतर कचरा व्यवस्थापन सीमापार वाहतूक नियम, २०१६ च्या भाग-डी अनुसूची-III नुसार धोकादायक कचऱ्याच्या आयातीसाठी एक-वेळ अधिकृतता आणि त्यात सुधारणा. धोकादायक आणि इतर कचरा व्यवस्थापन सीमापार वाहतूक नियम, २०१६ च्या नियम १८ अंतर्गत महाराष्ट्र राज्यात वाहनाद्वारे धोकादायक कचऱ्याची वाहतूक करण्यासाठी वाहतूकदारांना अधिकृतता आणि त्यात सुधारणा. पाणी पीसीपी कायदा १९७४ एअर पीसीपी कायदा १९८१ आणि जैव-वैद्यकीय कचरा व्यवस्थापन नियम, २०१६ च्या तरतुदींनुसार आरोग्य सेवा आस्थापना एचसीईसाठी एकत्रित संमती आणि जैव वैद्यकीय कचरा अधिकृतता सुधारित आणि धोकादायक कचरा एमटीएम नियम, २०१६. प्लास्टिक कचरा व्यवस्थापन नियम, २०१६ अंतर्गत प्लास्टिक ईपीआर नोंदणी आणि त्यात सुधारणा.",https://aaplesarkar.mahaonline.gov.in/
30,https://aaplesarkar.mahaonline.gov.in/,राज्य सरकारची योजना,"इमारत नकाशे मंजूरी, अग्निशामन ना हरकत प्रमाणपत्र,तात्पुरती नळ जोडणी,सांडपाणी निसारण नकाशे अंतिम अग्निशामन यंत्रणा मंजूरी इमारत पुर्णत्व प्रमाणपत्रभोगवटा प्रमाणपत्र कायम पाणीपुरवठा नळ जोडणी मुंबई प्रदेश महानगरामधील महाराष्ट्र औद्योगिक विकास महामंडळाच्या कार्यक्षेत्रातील माहिती तंत्रज्ञान उदयोगांना ना हरकत प्रमाणपत्र मुंबई प्रदेश महानगरामधील महाराष्ट्र औद्योगिक विकास महामंडळाच्या क्षेत्रातील माहिती तंत्रज्ञान कंपन्यांना माहिती तंत्रज्ञान धोरणांतर्गत इरादापत्रे मुंबई प्रदेश महानगरामधील महाराष्ट्र औद्योगिक विकास महामंडळाच्या क्षेत्रात माहिती तंत्रज्ञान धोरणांतर्गत कंपन्यांची नोंदणी करणे",https://aaplesarkar.mahaonline.gov.in/
31,https://aaplesarkar.mahaonline.gov.in/,राज्य सरकारची योजना,विवाह नोंदणी करिता अर्ज करा अग्निशामन ना हरकत प्रमाणपत्रासाठी आवेदन,https://aaplesarkar.mahaonline.gov.in/
32,https://aaplesarkar.mahaonline.gov.in/,राज्य सरकारची योजना,मिस्टर.देवेंद्र फडणवीस माननीय मुख्यमंत्री,https://aaplesarkar.mahaonline.gov.in/mr/Login/Certificate_Documents?ServiceId=1255
33,https://aaplesarkar.mahaonline.gov.in/,राज्य सरकारची योजना,आयुष चारित्र्य प्रमाणपत्र देणे आयुष अभ्यास प्रमाणपत्र देणे इस्सू ऑफ नो ओबजेशन सिर्तीफिकॅते आयुष ना देय प्रमाणपत्र देणे आयुष कीरकोळ जखम यांचे प्रमाणपत्र देणे आयुष कार्यमुक्त प्रमाणपत्र देणे आयुष वैद्यकीय प्रमाणपत्र देणे,https://aaplesarkar.mahaonline.gov.in/
34,https://aaplesarkar.mahaonline.gov.in/,विद्यार्थी शिष्यवृत्ती योजना,एम.आय.एम.एच. ना हरकत प्रमाणपत्र देणे एम.आय.एम.एच. उत्तीर्ण प्रमाणपत्र देणे एम.आय.एम.एच. अंतर्विसिता प्रमाणपत्र देणे एम.आय.एम.एच. वास्तविक विद्यार्थी प्रमाणपत्र एम.आय.एम.एच. ना देय प्रमाणपत्र देणे एम.आय.एम.एच. अनुभव प्रमाणपत्र देणे डी.म.इ.र. कार्यमुक्त प्रमाणपत्र देणे डी.म.इ.र. चारित्र्य प्रमाणपत्र देणे डी.म.इ.र. अभ्यास प्रमाणपत्र देणे डी.म.इ.र. नवप्रविष्टांना वैद्यकीय प्रमाणपत्र देणे डी.म.इ.र. ना हरकत प्रमाणपत्र देणे डी.म.इ.र. ना देय प्रमाणपत्र देणे डी.म.इ.र. कीरकोळ जखम यांचे प्रमाणपत्र देणे,https://aaplesarkar.mahaonline.gov.in/
35,https://aaplesarkar.mahaonline.gov.in/,राज्य सरकारची योजना,गॅझेटियर विभागातर्फे प्रकाशित गॅझेटियर ग्रंथाचे ई-बुकसीडी उपलब्ध करणे,https://aaplesarkar.mahaonline.gov.in/
36,https://aaplesarkar.mahaonline.gov.in/,राज्य सरकारची योजना,जतन केलेल्या ऐतिहासिक महत्त्वाच्या अभिलेखाच्या प्रमाणित प्रती पुरविणे देशी व विदेशी संशोधकांना नागरिकांना संशोधनासाठी परवानगी देणे स्कॅन केलेल्या अभिलेखाची सीडी पुरविणे जतन केलेल्या अभिलेखाची झेरॉक्स प्रत पुरविणे संशोधनासाठी जतन केलेले अभिलेख पुरविणे संशोधकांना व नागरिकांना संचालानालायाच्या विविध कार्याकामांची माहिती पुरविणे संशोधकांना व नागरिकांना संचालानालायाच्या कामकाज पद्धतीबद्दल माहिती देणे,https://aaplesarkar.mahaonline.gov.in/
37,https://aaplesarkar.mahaonline.gov.in/,महिला स्वयं सहाय योजना,आंगणवाडीतील गरोदर मातांची नोंदणी करणे 06 महिने ते 03 वर्षांपर्यंतच्या मुलांची आंगणवाडीत नोंदणी करणे 03 ते 06 वर्षापर्यंतच्या मुलांची आंगणवाडीत नोंदणी करणे सबला योजनेअंतर्गत किशोरी मुलींचे नोंदनीकरण किशोरीशक्ती योजनेअंतर्गत मुलींचे नोंदनीकरण नैसर्गिक  अनैसर्गिक संकटात सापडलेल्या मुलांना समाजात पुन्हा स्वतःच्या पायावर उभे करण्यासाठी स्थापन करण्यात आलेल्या राज्यातील बालगृहात  निरीक्षण गृहात प्रवेश मिळण्यासाठी बालसंगगोपन संस्था निरीक्षण गृह यामध्ये बालकांना दाखल करून घेणे पिडित महिलांना आधार गृहात दाखल करून घेणे अधिक्षक  अधिक्षिका अनाथ मुलांना अनाथ प्रमाणपत्र देणे निराश्रीत विधवा महिलांच्या मुलींसाठी विवाह अनुदान क्रांतीज्योती सावित्रीबाई फुले बाल संगोपन योजना अंतर्गत बालकांना लाभ देणे,https://aaplesarkar.mahaonline.gov.in/
38,https://aaplesarkar.mahaonline.gov.in/,राज्य सरकारची योजना,मिस्टर.देवेंद्र फडणवीस माननीय मुख्यमंत्री,https://aaplesarkar.mahaonline.gov.in/mr/Login/Certificate_Documents?ServiceId=4307
39,https://aaplesarkar.mahaonline.gov.in/,प्रधानमंत्री आवास योजना,आदिवासी मुले आणि मुलींकरीता शासकीय वसतिगृहात मोफत प्रवेश देणे पंडीत दिनदयाळ उपाध्याय स्वयंम योजना,https://aaplesarkar.mahaonline.gov.in/
40,https://aaplesarkar.mahaonline.gov.in/,महात्मा फुले जन आरोग्य योजना,"कुकुट प्रक्षेत्राची कमपार्टमेंट चाचणी कुक्कुट प्रक्षेत्र सोडा SPF अंडी निर्यात प्रमाणपत्र देणे पशुखाद्यातील विश्लेषण घटकांचे स्थूल समीप विश्लेषण १ ते ६ पॅरामीटर पशुखाद्यातील स्थूल घटक १ ते ६ पेरामीटर केल्शियम ,फुरद आणि मीठ द्रव्ये १९ पॅरामीटर पशुखाद्य सूक्ष्मपोषण व जडधात सूक्ष्म अन्नद्रव्ये आणि जड धातू पशुखाद्यातील तंतू क्रूड तंतू, NDF, ADF आणि ADL पशुखाद्येतील युवती पशुखाद्यातील उर्जा पाळीव प्राणी दुकाने नोंदणी तात्पुरते प्रमाणपत्र वैधता 3 महिने आणि अंतिम प्रमाणपत्र ५ श्वान प्रजनन आणि मार्केटिंग केंद्र नोंदणी वैधता प्रमाणपत्रासाठी २ वर्ष पशुखाद्य व कुक्कुट बुनियाद निर्यात चारा पिकांचे पर्याय ठोंबे निर्यातीसाठी आणि मांसाहार उत्पादने चाचणी चाचणी",https://aaplesarkar.mahaonline.gov.in/
41,https://aaplesarkar.mahaonline.gov.in/,राज्य सरकारची योजना,मच्छिमारांसाठी मासेमारी परवाना मच्छिमार संस्थांची ऑनलाइन पद्धतीने नोंदणी ऑनलाइन रजिस्ट्रेशन ऑफ फिश सीड सेंटर मासेमार नौकांचे ऑनलाइन पद्धतीने नोंदणी मच्छिमार नौकांसाठी ऑनलाइन पद्धतीने मासेमारी परवाना तारोपोरवाला मत्स्यालयाचे ऑनलाइन तिकीट वितरण,https://aaplesarkar.mahaonline.gov.in/
42,https://aaplesarkar.mahaonline.gov.in/,राज्य सरकारची योजना,"इयत्ता 10 वी व 12 वी परीक्षेस प्रविष्ठ होणाऱ्या राज्य, राष्ट्रीय व आंतरराष्ट्रीय पातळीवर सहभागी झालेल्या खेळाडूला, विद्यार्थ्यांना क्रीडा सवलतीचे गुण देण्याबाबत अत्युच्च गुणवत्ताधारक खेळाडूंना शासकीय  निमशासकीय व इतर क्षेत्रात 5 टक्के आरक्षणासाठी खेळाडू प्रमाणपत्र पडताळणी. विभागाने आयोजित केलेल्या जिल्हा, भाग व राज्य क्रीडा स्पर्धेमध्ये प्राविण्य  सहभाग प्रमाणपत्र देण्याबाबत. डी एङ गुणपत्रक प्रमाणपत्राची द्वितीय प्रत माध्यमिक व उच्च माध्यमिक शाळा प्रमाणपत्र परीक्षा द्वितीय गुणपत्रक व प्रमाणपत्रे माध्यमिक व उच्च माध्यमिक शाळा प्रमाणपत्र परिक्षा प्रोव्हिजनल प्रमाणपत्र माध्यमिक व उच्च माध्यमिक शाळा प्रमाणपत्र परिक्षा गुणपडताळणी माध्यमिक व उच्च माध्यमिक शाळा प्रमाणपत्र परिक्षा निकालानंतर उत्तरपत्रिकेची छायांकित प्रत प्राप्त करणे खाजगी उमेदवार परीक्षेसाठी प्रविष्ट होणे शासकीय वाणिज्य प्रमाणपत्र परिक्षेसाठी संस्थांना परीक्षा परिषदेशी संलग्नता देणे वाणिज्य प्रमाणपत्र परीक्षा प्रमाणपत्र दुरुस्ती वाणिज्य प्रमाणपत्र परीक्षा प्रमाणपत्राची द्वितीय प्रत",https://aaplesarkar.mahaonline.gov.in/
43,https://aaplesarkar.mahaonline.gov.in/,विद्यार्थी शिष्यवृत्ती योजना,मृद व पाणी नमुने तपासणी बियाणे नमुने तपासणी खते नमुने तपासणी किटकनाशके नमुने तपासणी बियाणे विक्री परवाना राज्यस्तर खत निर्मिती विक्री प्रमाणपत्र देणे राज्यस्तर किटकनाशके उत्पादन विक्री परवाना राज्यस्तर ठिबक संच उत्पादक नोंदणी लागवड साहित्य आयात करण्याकरीता उत्पादकता प्रमाणपत्र देणे कीटकनाशक नमुने तपासणी विक्री योग्य फळांच्या कलमेरोपे विक्रीस परवाना देणे पीएचडीएम.एस सी उच्च पदवीधर  पदव्युत्तरपदवी प्रमाणपत्राची नक्कल प्रत पीएचडीएम.एस सी उच्च पदवीधर  पदव्युत्तरपदवी प्रमाणपत्राची नक्कल प्रत डूयप्लीकेट पी. पी . सी - तात्पुरते उत्तीर्ण प्रमाणपत्राची नक्कल प्रत कृषी तांत्रिक पदविका प्रमाणपत्राची नक्कल प्रत २ वर्ष मराठी माध्यम  कृषी तांत्रिक पदविका मार्कशीटची नक्कल प्रत २ वर्ष मराठी माध्यम  माळी प्रशिक्षण प्रमाणपत्राची नक्कल प्रत स्थलांतर प्रमाणपत्राची नक्कल प्रत कृषी तांत्रिक पदविका प्रमाणपत्राची नक्कल प्रत  ३ वर्ष सेमी इंग्रजी माध्यम कृषी तांत्रिक पदविका प्रमाणपत्राची नक्कल प्रत  ३ वर्ष सेमी इंग्रजी माध्यम कृषी उत्पादनातील उर्वरित अंश तपासणी लागवड साहित्य आयात करण्याकरिता उत्पादकता प्रमाणपत्र देणे निर्यातक्षम द्राक्ष बागांना युरोपियन देशांना निर्यातीसाठी अपेडा च्या ग्रेपनेट  प्रणाली अंतर्गत नोंदणी प्रमाणपत्र देणे नूतनीकरण करणे निर्यातक्षम आंबा बागांना युरोपियन देशांना निर्यातीसाठी अपेडा च्या मँगोनेट प्रणाली अंतर्गत नोंदणी प्रमाणपत्र देणे नूतनीकरण करणे निर्यातक्षम डाळिंब बागांना युरोपियन देशांना निर्यातीसाठी अपेडा च्या अनारनेट  प्रणाली अंतर्गत नोंदणी प्रमाणपत्र देणे नूतनीकरण करणे निर्यातक्षम डाळिंब बागांना युरोपियन देशांना निर्यातीसाठी अपेडा च्या वेगनेट  प्रणाली अंतर्गत नोंदणी प्रमाणपत्र देणे नूतनीकरण करणे,https://aaplesarkar.mahaonline.gov.in/
44,https://aaplesarkar.mahaonline.gov.in/,मुख्यमंत्री रोजगार योजना,"मूल्यवर्धित कर कायदा 2002, केंद्रिय विक्रीकर कायदा 1956, महाराष्ट्र राज्य व्यवसाय, धंदे, आजीविका आणि नोकरीवरील कर कायदा, १९७५ अंतर्गत ई- नोंदणी",https://aaplesarkar.mahaonline.gov.in/
45,https://aaplesarkar.mahaonline.gov.in/,आनंदाचा शिधा योजना,"नवीन शिधापत्रिका मागणी वजन-मापे उत्पादकांना परवाना वजन-मापे उत्पादक परवाना नुतनीकरण वजन-मापे विक्रेत्यांना परवाना वजन-मापे विक्रेत्यांना परवाना नुतनीकरण वजन-मापे दुरुस्तकांना परवाना आवेष्टक नोंदणी प्रमाणपत्र नामनिर्देशन नोंदणी प्रमाणपत्र पॅकेज नोंदणी प्रमाणपत्र आयातक जारी करणे वजन-मापे दुरुस्तक परवाना नुतनीकरण नवीन शिधापत्रिका मागणी शिधापत्रिकेतील नावात दुरुस्ती शिधापत्रिकेत नवे समाविष्ट करणे नाव वाढविणे शिधापत्रिकेमधील नाव कमी करणे शिधापत्रिकेवरील पत्ता बद्दल करणे दुय्यम शिधापत्रिका खराब फाटलेली इत्यादी  दुय्यम शिधापत्रिकागहाळ शिधापत्रिका  नवीन रास्तभाव दुकान परवाना रास्तभाव दुकानाच्या परवान्याचे नूतनीकरण किरकोळ केरोसीन विक्री परवाना किरकोळ केरोसीन विक्रीच्या परवान्याचे नूतनीकरण वजन किंवा मापे उत्पादकाच्या परवान्यामध्ये सुधारणा करणे. वजन किंवा मापे विक्रेता परवान्यामध्ये सुधारणा करणे. वजन किंवा मापे दुरुस्तीकार परवान्यामध्ये सुधारणा करणे. वैध मापन शास्त्र आवेष्टीत वस्तू नियम, 2011 अंतर्गत आवेष्टीत वस्तूचे उत्पादकआवेष्टकआयातदारम्हणून नोंदणीमध्ये सुधारणा करणे. वैधमापन शास्त्र अधिनियम, 2009 अंतर्गत वजन व मापे यांचे मुद्रांकन, पडताळणी व प्रमाणपत्र देणे",https://aaplesarkar.mahaonline.gov.in/
46,https://aaplesarkar.mahaonline.gov.in/,राज्य सरकारची योजना,रेल्वे सवलत- परराज्यात कला सादर करण्यासाठी पाचारण केलेल्या व अटीशतींनुसार पात्र कलापथकांना रेल्वे भाडे रकमेत सवलत मिळण्यासाठी प्रमाणपत्र देणे कलाकार प्रमाणपत्र राजर्षी शाहू महाराज ज्येष्ठ साहित्यिक व कलावंत यांना मानधन सन्मान योजना,https://aaplesarkar.mahaonline.gov.in/
47,https://aaplesarkar.mahaonline.gov.in/,प्रधानमंत्री आवास योजना,पर्यटक घटकांना मुद्रांक शुल्कात सवलत मिळण्याकरीता ना-हरकत प्रमाणपत्र देणे महाभ्रमण योजनेंतर्गत नोंदणी करणे व नुतनीकरण करणे. पर्यटक घटकांना अंतिम प्रमाणपत्र देणे. निवास व न्याहारी योजनेंतर्गत नोंदणी करणे व नुतनीकरण करणे.,https://aaplesarkar.mahaonline.gov.in/
48,https://aaplesarkar.mahaonline.gov.in/,राज्य सरकारची योजना,सामाजिक व सांस्कृतिक कार्यक्रमउपक्रमांसाठी रविंद्र नाटय मंदिर ऑडिटेरियममिनी ऑडिटेरियमतालीम दालन यांचे आरक्षण ऑडिटेरियमतालीम दालने यांच्या आरक्षणाकरिता घेतलेल्या अनामत रकमेचा परतावा,https://aaplesarkar.mahaonline.gov.in/
49,https://aaplesarkar.mahaonline.gov.in/,राज्य सरकारची योजना,"ऑर्केस्ट्रा तमाशा,मेळा,नाटक आयोजित करण्यासाठी प्रमाणपत्र देणे तसेच सार्वजनिक ठिकाणी होणा-या एक दिवसाच्या कार्यक्रमांना ना-हरकत प्रमाणपत्र देणे. एक दिवसाच्या कार्यक्रमांना ना-हरकत प्रमाणपत्र देणे नाट्य संहितांना प्रमाणपत्र देणे",https://aaplesarkar.mahaonline.gov.in/
50,https://aaplesarkar.mahaonline.gov.in/,कृषी योजना,"नक्कल पुरविने - अ मिळकत पत्रिका नक्कल पुरविने - ब मिळकत पत्रिका मुबंई उपनगर जिल्हा ,क्षेत्र पडताळणी करून नक्कल पुरविणे - क भूमापन अभिलेख  टिपण, क्षेत्रबुक, प्रतिबुक, शेतपुस्तक, जबाब, फाळणी, काटे फाळणी, हि.फॉ. नं.4,आकारफोड, स्कीम उतारा,आकारबंद, गटनकाशा, मोजणी नकाशा, क.जा.प., चौकशी नोंदवही इत्यादि अभिलेख  नक्कल पुरविने - ड अपील निर्णयाच्या नकला अ मोजणी प्रकरणे - i अतितातडी प्रकरणे अ मोजणी प्रकरणे -ii तातडी प्रकरणे अ मोजणी प्रकरणे -iii साधी प्रकरणे अ मोजणी प्रकरणे - iv अति अति तातडी प्रकरणे ब मोजणी प्रकरणे -मोजणी पुर्ण झाल्यानंतर मोजणी नकाशाची क प्रत देणे आकारफोड  क.जा.प. तयार करणे अ पोटहिस्सा मोजणीनंतर परिपुर्ण प्रकरणामध्ये आकारफोड मंजूर करणे आकारफोड  क.जा.प. तयार करणे ब बिनशेती मोजणी प्रकरण निकाली झाल्यानंतर परिपुर्ण प्रकरणामध्ये क.जा.प. तयार करून मंजूर करणे फेरफार नोंदी - अ विवादग्रस्त नसल्यास फेरफार नोंदी - ब दुवा तुटलेली असल्यास फेरफाराबाबत निर्णय घेणे फेरफार नोंदी - क रस्ता, रस्ता सेट बॅक, रिर्झवेशन याबाबत संबंधीत प्राधिकरणाला जागा हस्तांतरित केलेल्या प्रकरणी संबंधीतांच्या नांवे मिळकत पत्रिकेत नोंद घेणे. प्रकरणी महानगरपालिका  सक्षम प्राधिकारी यांनी ताबा पावती व संपुर्ण कागदपत्रासह नामांतरासाठी प्रकरण पाठविल्यास फेरफार नोंदी - ड विवादग्रस्त असल्यास मिळकत पत्रिकेची पोटविभागणी करुन मिळकत पत्रिका स्वतंत्र करणे याबाबत पोटहिस्सा मोजणी पुर्ण झालेल्या दिवसापासुन अ जिल्हाधिकारी यांनी आदेशित केलेल्या क्षेत्रात तफावत येत नसल्यास पोटहिस्सा मोजणी झाल्यापासुन स्वतंत्र मिळकत पत्रिका तयार करणे मिळकत पत्रिकेची पोटविभागणी करुन मिळकत पत्रिका स्वतंत्र करणे याबाबत पोटहिस्सा मोजणी पुर्ण झालेल्या दिवसापासुन ब जिल्हाधिकारी यांनी आदेशित केलेल्या पोटहिस्सा क्षेत्रात तफावत येत आहे. मात्र मुळ नगर भूमापनाच्या क्षेत्रात फरक नाही अशा प्रकरणी जिल्हाधिकारी यांनी फेरमान्यता दिल्यानंतर स्वतंत्र मि. पत्रिका उघडणे भूसंपादनामध्ये रस्ता, रस्ता सेट बॅक, रिझर्वेशन याबाबत शासन  संबंधीत प्राधिकारी यांचे नांवे स्वंतत्र मिळकत पत्रिका तयार करणे अ ज्याठिकाणी मुळ नगर भूमापनाच्या क्षेत्रात फरक पडत नाही अशा बाबतीत सक्षम प्रधिका-यांचा अंतिम आदेश झालेनंतर मिळकत पत्रिका स्वंतत्र तयार करणे भूसंपादनामध्ये रस्ता, रस्ता सेट बॅक, रिझर्वेशन याबाबत शासन  संबंधीत प्राधिकारी यांचे नांवे स्वंतत्र मिळकत पत्रिका तयार करणे ब हस्तांतरण क्षेत्रात फरक पडत असल्यास सक्षम प्राधिका-यांच्या फेरअंतिम आदेशानंतर",https://aaplesarkar.mahaonline.gov.in/
51,https://aaplesarkar.mahaonline.gov.in/,राज्य सरकारची योजना,उद्वाहन चालविण्याची अनुन्यापती देणे उद्वाहन उभारणीस परवानगी देणे वीज संचमांडणीचे निरीक्षण करणे जनित्र संचमांडणीचे नकाशे मंजूरी जनित्र संचमांडणीची ऊर्जापित परवानगी जनित्र संचमांडणीची नोंदणी. वीजसंचमांडणीचे नकाशा मंजुरी परवानगी देणे,https://aaplesarkar.mahaonline.gov.in/
52,https://aaplesarkar.mahaonline.gov.in/,राज्य सरकारची योजना,मिस्टर.देवेंद्र फडणवीस माननीय मुख्यमंत्री,https://aaplesarkar.mahaonline.gov.in/mr/Login/Certificate_Documents?ServiceId=3249
53,https://aaplesarkar.mahaonline.gov.in/,राज्य सरकारची योजना,मिस्टर.देवेंद्र फडणवीस माननीय मुख्यमंत्री,https://aaplesarkar.mahaonline.gov.in/#
54,https://aaplesarkar.mahaonline.gov.in/,प्रधानमंत्री आवास योजना,दिव्यांगांच्या अनुदानित विशेष शाळा  कर्मशाळा  मतिमंद बालगृहे  तसेच दिव्यांग क्षेत्रात कार्य करण्यासाठी देण्यात आलेल्या नोंदणी प्रमाणपत्राचे नुतनीकरण करणे दिव्यांगांच्या अनुदानित शाळा  कर्मशाळेतील रिक्त पदे भरण्याकरीता स्वयंसेवी संस्थांना ना-हरकत प्रमाणपत्र देणे,https://aaplesarkar.mahaonline.gov.in/
55,https://aaplesarkar.mahaonline.gov.in/,राज्य सरकारची योजना,"पाणी वापर संस्थेस देय पाणी हक्क मंजूरी देणे पाणी वापर संस्थेस पाणीपट्टी थकबाकी दाखला देणे बिगर सिंचन पाणी पट्टी थकबाकी दाखला देणे पाणी पट्टी देयक तक्रार निवारण करणे लाभक्षेत्राचा दाखला देणे ग्रामपंचायत, जिल्हा परिषद, नगरपालिका, नगरपरिषद, नगरपंचायत कटक मंडळे Cantonment Board यांना घरगुती पाणी वापर परवाना देणे महानगरपालिका, खाजगी विकसक, विशेष नगरविकास प्रकल्प यांना घरगुतीऔद्योगीक पाणी वापर परवाना देणे औद्योगीक प्रयोजनासाठी पाणी वापर परवाना देणे",https://aaplesarkar.mahaonline.gov.in/
56,https://aaplesarkar.mahaonline.gov.in/,मुख्यमंत्री रोजगार योजना,नविन नळ जोडणी करणे बंधनकारक पैसे देणे योग्य हक्कात बदल करणे विनामूल्य नळजोडणी आकार बदलणे विनामूल्य तात्पुरते पुनर्स्वरुपी नळजोडणीत बदल करणे विनामूल्य वापरणे बदलणे विनामूल्य परवाना सशुल्क थकबाकी नसल्याचा विकास करणे विनामूल्य नादुरुस्त मिटरला विनामूल्य नळजोडणी करणे विनामूल्य नेटवर्कची आवश्यकता आहे. दबावाची क्षमता मोफत नविन नळ जोडणी करणे मोफत नविन नळ जोडणी करणे आवश्यक आहे. किंवा 1 ते 2 एलपीजी सिलिंडर विक्रीसाठी पेड झाडे छाटणी अर्ज पेड दुकाने व मूर्ति आस्थापना नोंदणी अर्ज - फॉर्म A फॉर्म A मोफत दुकाने व आस्थापना बदल सूचना अर्ज - फॉर्म I मोफत ० ते कर्मचारी असलेल्या आस्थापन सूचना अर्ज -फॉर्म F फॉर्म F मोफत दुकाने व आस्थापना रद्द करण्यासाठी J फॉर्म J फॉर्म मोफत नोंदणी करा परवानगी मोफत सेवा गृह नोंदणीचे सशुल्क गृहनिवासीकरण सशुल्क आरोग्य विभाग नवीन अर्ज सशुल्क आरोग्य विभाग नुतनीकरण पेड नवीनीकरण परवाना नवीनीकरण व्यापार परवाना सशुल्क परवान्याचे नुतनीकरण व्यापार परवाना सशुल्क परवाना नुतनीकरण व्यापार परवाना सशुल्क परवाना दुय्यम प्रत व्यापार परवाना नावावर स्वारस्य परवाना सशुल्क व्यवसाय नाव बदलणे व्यापार परवाना विनामूल्य व्यापार परवाना विकासकमी परवाना सशुल्क परवाना रद्द करणे परवाना मोफत व्यापार करणे प्रदान करणे मुक्त थकबाकी व्यवहार देणे देणे विनामूल्य कराची रक्कम देणे विनामूल्य उपविभाग भाग आकारणी तयार करणे विनामूल्य विवाह नोंदणी सशुल्क करणे,https://aaplesarkar.mahaonline.gov.in/
57,https://aaplesarkar.mahaonline.gov.in/,राज्य सरकारची योजना,व्यवसायाचे नाव बदलणे हेल्थफ्री परवाना रद्द करणे हेल्थफ्री परवाना रद्द करणे प्रोजेक्शनफ्री परवाना रद्द करणे जाहिरात मोफत व्यवसायाच्या नावात बदल ग्लो साइनफ्री परवाना रद्द करणे ग्लो साइनफ्री,https://aaplesarkar.mahaonline.gov.in/
58,https://aaplesarkar.mahaonline.gov.in/,विद्यार्थी शिष्यवृत्ती योजना,रेखाकला परीक्षेतील एलिमेंटरी व इंटरमिजिएट श्रेणीची पुनर्पडताळणी करणे रेखाकला परीक्षेचे तात्पुरते प्रमाणपत्र देणे. रेखाकला परीक्षेचे दुय्यम प्रमाणपत्र देणे. रेखाकला परीक्षेच्या प्रमाणपत्रावरील नांव दुरुस्ती करणे उच्चकला पदविका परीक्षेतील गुणांची पुनर्पपडताळणी करणे उच्चकला पदविका परीक्षेचे दुय्यम प्रमाणपत्र देणे. उच्चकला पदविका अभ्यासक्रमाच्या गुणपत्रिकेतील नांव दुरुस्ती करणे उच्चकला पदविका अभ्यासक्रमाच्या प्रमाणपत्राातील नांव दुरुस्ती करणे कलाकार प्रमाणपत्र देणे पुतळ्याच्या क्लेमॉडेलला मान्यता देणे पुढील शिक्षणाासााठी नाहरकत प्रमाणपत्र देणे उच्चकला पदविका उत्तीर्ण विद्यार्थ्यांना ट्रान्सक्रिप्ट देणे शिक्षण बोनाफाईड प्रमााणपत्र देणे चाारित्र्य प्रमााणपत्र देणे ओळखपत्र देणे बी.एफ.ए. पदवी उत्तीर्ण विद्यार्थ्यांना ट्रान्सक्रिप्ट देणे,https://aaplesarkar.mahaonline.gov.in/
59,https://aaplesarkar.mahaonline.gov.in/,राज्य सरकारची योजना,ग्रंथालय ना देय प्रमाणपत्रा साठी अर्ज ना देय प्रमाणपत्रा साठी अर्ज बोनाफाइड प्रमाणपत्रा साठी अर्ज चारित्र्य प्रमाणपत्रा साठी अर्ज ओळखपत्रासाठी अर्ज मूळ कागदपत्रे परत करण्यासाठी अर्ज संस्था सोडल्याच्या प्रमाणपत्रासाठी अर्ज गुणपत्रिकेत नाव दुरुस्ती साठी अर्ज गुणपत्रिके मधून निकाल रोखलेली टिप्पणी काढून टाकण्यासाठी अर्ज कागदपत्रांच्या नक्कल प्रतीं साठी अर्ज उत्तर पत्रिकेचे पुनर्मुल्यांकना करिता अर्ज,https://aaplesarkar.mahaonline.gov.in/
60,https://aaplesarkar.mahaonline.gov.in/,राज्य सरकारची योजना,MSBTE - महाराष्ट्र राज्य ट्रान्सस्क्रीप्ट प्रमाणपत्र MSBTE - महाराष्ट्र राज्य दुय्यम गुणपत्रिका MSBTE - महाराष्ट्र राज्य दुय्यम पदवी प्रमाणपत्र महाराष्ट्र राज्य मायग्रेशन प्रमाणपत्र MSBTE - पात्रता प्रमाणपत्र पदविका MSBTE - उत्तर पत्रिकेचे पुनर्मुल्यांकना करिता अर्ज MSBTE - सुधारीत पदविका प्रमाणपत्र MSBTE - सुधारीत गुणपत्रिका MSBTE - अभ्यासक्रम प्रमाणीत करणे,https://aaplesarkar.mahaonline.gov.in/
61,https://aaplesarkar.mahaonline.gov.in/,राज्य सरकारची योजना,दुय्यम पदवी प्रमाणपत्र दुय्यम गुणपत्रिका परीक्षेत मिळालेल्या गुणांची पुर्नमोजणी करणे. दस्तऐवज पडताळणी CET परीक्षेचे गुणपत्रक माईग्रेशन एलिजिबिलिटी प्रमाणपत्र शिष्यवृत्ती वितरणाासााठी अर्ज फक्त विद्याापीठा अंतर्गत शिष्यवृत्ती प्रवेश अर्जाचा सारांश मिळवण्यासााठी अर्ज पदवी प्रमाणपत्रासाठी अर्ज दुय्यम प्रवजन प्रमााणपत्रासााठी अर्ज निम्न स्तरीय परीक्षा अपूर्ण हा शेरा काढण्यासााठी अर्ज राखीव हा शेरा काढण्यासाठी अर्ज कागदपत्रांच्या दुय्यम प्रति मिळण्याकरिता अर्ज उत्तर पत्रिकेच्या छायाप्रत मिळण्याकरिता अर्ज उत्तर पत्रिकेच्या पुनर्मुल्यांकनाकरिता अर्ज अभ्यासक्रम प्रमाणित करून घेण्याकरिता अर्ज पात्रता प्रमाणपत्र मिळण्याकरिता अर्ज एस.एस.एल.सी एकत्रित गुणपत्रिका मिळण्याकरिता अर्ज उत्तीर्ण प्रमाणपत्र मिळण्याकरिता अर्ज ओळखपत्रासाठी अर्ज. मूळ कागदपत्रांसाठी अर्ज तात्पुरते पदवी प्रमाणपत्रासाठी अर्ज गुणपत्रिकाापदवी प्रमााणपत्र यांची सत्यता पडतााळणीचा अर्ज पुनर्प्रवेश अर्ज गुणपत्रिकासाठी अर्ज,https://aaplesarkar.mahaonline.gov.in/
62,https://aaplesarkar.mahaonline.gov.in/,राज्य सरकारची योजना,"रस्त्याच्या समांतर ऑप्टिकल फायबर केबल, गॅस, पाण्याची पाइपलाइन इत्यादी वाहिन्यांसाठी ना-हरकत प्रमाणपत्र जारी करणे.विविध औद्योगिक घटकांसाठी वीज, पाणी आणि सांडपाणी कनेक्शन आणि इतर सुविधांसाठी मूलभूत पायाभूत सुविधा पुरवताना रस्ता खोदण्यासाठी ना हरकत प्रमाणपत्र देणे.पेट्रोल पंपापर्यंतच्या रस्त्यासाठी ना हरकत प्रमाणपत्र देणे.रस्त्याच्या कडेला इमारतीसाठी ना हरकत प्रमाणपत्र देणे.सार्वजनिक बांधकाम विभागाच्या अखत्यारीतील खड्डे भरणे.वर्ग 4 आणि 4 अ मधील कंत्राटदारांची नोंदणी आणि नूतनीकरण वर्ग 5, 5 अ, 6 मधील कंत्राटदारांची नोंदणी आणि नूतनीकरण आणि बेरोजगार अभियंत्यांची नोंदणी.तसेच, कामगार सहकारी संस्थांचे वर्गीकरण आणि नूतनीकरण अ वर्ग 7,8,9 मध्ये कंत्राटदारांचे वर्गीकरण आणि वर्ग ब मध्ये कामगार सहकारी संस्थांचे वर्गीकरण आणि स्थापत्य अभियांत्रिकीची परीक्षा उत्तीर्ण झालेल्या उमेदवारांच्या वर्ग 7 मध्ये इमारत आणि नोंदणी आणि नूतनीकरण.",https://aaplesarkar.mahaonline.gov.in/
63,https://aaplesarkar.mahaonline.gov.in/,राज्य सरकारची योजना,"महाराष्ट्र मूल्यवर्धित कर कायदा, 2002, केंद्रीय विक्रीकर कायदा, 1956 आणि महाराष्ट्र राज्य व्यवसाय, व्यापार, उपजीविका आणि रोजगार कायदा, 1975 अंतर्गत ई-नोंदणी",https://aaplesarkar.mahaonline.gov.in/
64,https://aaplesarkar.mahaonline.gov.in/,राज्य सरकारची योजना,रिटर्न पेमेंट ई-सीएसटी घोषणा,https://aaplesarkar.mahaonline.gov.in/
